{
    "fx": 606.55440757,
    "fy": 598.50107753,
    "cx": 277.1029708,    
    "cy": 243.19488668
}
